"","Date","DAX","VDAX"
"1",2007-01-02,6681.13,16.52
"2",2007-01-03,6691.32,16.47
"3",2007-01-04,6674.4,16.61
"4",2007-01-05,6593.09,17.27
"5",2007-01-08,6607.59,17.76
"6",2007-01-09,6614.37,17.81
"7",2007-01-10,6566.56,18.39
"8",2007-01-11,6687.3,16.77
"9",2007-01-12,6705.17,16.35
"10",2007-01-15,6731.74,16.06
"11",2007-01-16,6716.82,16.62
"12",2007-01-17,6701.7,16.91
"13",2007-01-18,6689.62,16.91
"14",2007-01-19,6747.17,15.87
"15",2007-01-22,6687.31,16.82
"16",2007-01-23,6678.93,14.67
"17",2007-01-24,6748.37,15.81
"18",2007-01-25,6719.58,16.36
"19",2007-01-26,6690.34,16.5
"20",2007-01-29,6726.01,16.45
"21",2007-01-30,6788.23,15.81
"22",2007-01-31,6789.11,15.98
"23",2007-02-01,6851.28,15.27
"24",2007-02-02,6885.76,14.75
"25",2007-02-05,6874.06,15.03
"26",2007-02-06,6875.7,15.17
"27",2007-02-07,6915.56,14.78
"28",2007-02-08,6876.73,15.11
"29",2007-02-09,6911.11,14.86
"30",2007-02-12,6859.45,15.73
"31",2007-02-13,6895.34,15.52
"32",2007-02-14,6961.18,14.92
"33",2007-02-15,6958.62,14.68
"34",2007-02-16,6957.07,14.46
"35",2007-02-19,6987.08,14.17
"36",2007-02-20,6982.91,14.44
"37",2007-02-21,6941.66,15.3
"38",2007-02-22,6973.73,15.02
"39",2007-02-23,6992.58,15.02
"40",2007-02-26,7027.59,14.82
"41",2007-02-27,6819.65,17.01
"42",2007-02-28,6715.44,17.65
"43",2007-03-01,6640.24,18.09
"44",2007-03-02,6603.32,18.5
"45",2007-03-05,6534.57,19.2
"46",2007-03-06,6595,19.14
"47",2007-03-07,6617.75,18.58
"48",2007-03-08,6713.23,17.88
"49",2007-03-09,6716.52,17.97
"50",2007-03-12,6715.49,18.37
"51",2007-03-13,6623.99,19.46
"52",2007-03-14,6447.7,21.46
"53",2007-03-15,6585.47,20.26
"54",2007-03-16,6579.87,19.82
"55",2007-03-19,6671.41,19.28
"56",2007-03-20,6700.29,18.66
"57",2007-03-21,6712.06,18.61
"58",2007-03-22,6856.96,17.5
"59",2007-03-23,6899.06,17.16
"60",2007-03-26,6828.82,18.39
"61",2007-03-27,6858.34,18.47
"62",2007-03-28,6816.89,19.17
"63",2007-03-29,6897.08,18.51
"64",2007-03-30,6917.03,18.13
"65",2007-04-02,6937.17,18.16
"66",2007-04-03,7045.56,16.89
"67",2007-04-04,7073.91,16.93
"68",2007-04-05,7099.91,16.59
"69",2007-04-10,7166.67,16.29
"70",2007-04-11,7152.83,17.06
"71",2007-04-12,7142.95,17.59
"72",2007-04-13,7212.07,17.48
"73",2007-04-16,7338.06,17.41
"74",2007-04-17,7348.83,17.77
"75",2007-04-18,7282.34,18.37
"76",2007-04-19,7242.73,18.65
"77",2007-04-20,7342.54,17.92
"78",2007-04-23,7335.62,18.38
"79",2007-04-24,7270.32,17.73
"80",2007-04-25,7343.08,17.52
"81",2007-04-26,7387.02,17.3
"82",2007-04-27,7378.12,17.63
"83",2007-04-30,7408.87,17.86
"84",2007-05-02,7455.93,17.86
"85",2007-05-03,7476.69,17.85
"86",2007-05-04,7516.76,17.4
"87",2007-05-07,7525.69,17.4
"88",2007-05-08,7442.2,17.9
"89",2007-05-09,7475.99,17.79
"90",2007-05-10,7415.33,18.23
"91",2007-05-11,7479.34,18
"92",2007-05-14,7459.61,18.5
"93",2007-05-15,7505.35,18.22
"94",2007-05-16,7481.25,18.25
"95",2007-05-17,7499.5,18.27
"96",2007-05-18,7607.54,16.99
"97",2007-05-21,7619.31,16.9
"98",2007-05-22,7659.39,16
"99",2007-05-23,7735.88,16.68
"100",2007-05-24,7697.38,17.53
"101",2007-05-25,7739.2,17.35
"102",2007-05-29,7781.04,17.61
"103",2007-05-30,7764.97,17.88
"104",2007-05-31,7883.04,16.89
"105",2007-06-01,7987.85,16.76
"106",2007-06-04,7976.79,17.44
"107",2007-06-05,7919.83,18.41
"108",2007-06-06,7730.05,19.77
"109",2007-06-07,7618.61,20.61
"110",2007-06-08,7590.5,20.41
"111",2007-06-11,7706.1,19.85
"112",2007-06-12,7678.26,20.04
"113",2007-06-13,7680.76,20.28
"114",2007-06-14,7849.16,19.2
"115",2007-06-15,8030.64,18.97
"116",2007-06-18,8036.12,19.87
"117",2007-06-19,8033.52,19.7
"118",2007-06-20,8090.49,19.51
"119",2007-06-21,7964.71,20.28
"120",2007-06-22,7949.63,20.65
"121",2007-06-25,7930.61,20.89
"122",2007-06-26,7860.52,21.28
"123",2007-06-27,7801.23,21.3
"124",2007-06-28,7921.36,20.46
"125",2007-06-29,8007.32,19.88
"126",2007-07-02,7958.24,20.31
"127",2007-07-03,8050.68,19.96
"128",2007-07-04,8075.26,20.01
"129",2007-07-05,7987.13,20.78
"130",2007-07-06,8048.32,20.57
"131",2007-07-09,8077.39,20.55
"132",2007-07-10,7964.76,21.23
"133",2007-07-11,7898.54,21.62
"134",2007-07-12,8053.43,21.04
"135",2007-07-13,8092.77,20.81
"136",2007-07-16,8105.69,21.07
"137",2007-07-17,8038.21,21.52
"138",2007-07-18,7893.61,22.56
"139",2007-07-19,7991.21,21.81
"140",2007-07-20,7874.85,22.37
"141",2007-07-23,7944.21,22.68
"142",2007-07-24,7806.79,22.82
"143",2007-07-25,7692.55,23.44
"144",2007-07-26,7508.96,24.12
"145",2007-07-27,7451.68,24.36
"146",2007-07-30,7456.31,24.83
"147",2007-07-31,7584.14,24.4
"148",2007-08-01,7473.93,25.54
"149",2007-08-02,7534.13,25.45
"150",2007-08-03,7435.67,25.3
"151",2007-08-06,7444.45,25.79
"152",2007-08-07,7513.66,25.02
"153",2007-08-08,7605.94,23.72
"154",2007-08-09,7453.59,25.08
"155",2007-08-10,7343.26,26.92
"156",2007-08-13,7474.33,25.87
"157",2007-08-14,7425.07,26.3
"158",2007-08-15,7445.9,26.13
"159",2007-08-16,7270.07,28.35
"160",2007-08-17,7378.29,28.09
"161",2007-08-20,7407.53,27.05
"162",2007-08-21,7424.75,25.51
"163",2007-08-22,7500.48,24.87
"164",2007-08-23,7511.96,24.21
"165",2007-08-24,7507.27,24.22
"166",2007-08-27,7485.99,24.19
"167",2007-08-28,7430.24,25.08
"168",2007-08-29,7439.18,25.51
"169",2007-08-30,7519.94,24.55
"170",2007-08-31,7638.17,23.75
"171",2007-09-03,7648.58,23.37
"172",2007-09-04,7721.77,22.62
"173",2007-09-05,7588.03,23.65
"174",2007-09-06,7621.72,24.02
"175",2007-09-07,7436.63,25.47
"176",2007-09-10,7375.44,27
"177",2007-09-11,7457.9,26.41
"178",2007-09-12,7472.99,25.77
"179",2007-09-13,7535.97,24.91
"180",2007-09-14,7497.74,25.11
"181",2007-09-17,7479.85,26.14
"182",2007-09-18,7575.21,25.07
"183",2007-09-19,7750.84,21.77
"184",2007-09-20,7735.09,21.07
"185",2007-09-21,7794.43,19.8
"186",2007-09-24,7787.92,19.29
"187",2007-09-25,7769.44,19.89
"188",2007-09-26,7804.15,19.53
"189",2007-09-27,7853.79,19.2
"190",2007-09-28,7861.51,19.59
"191",2007-10-01,7922.42,19.68
"192",2007-10-02,7946.79,19.85
"193",2007-10-03,7955.3,20.45
"194",2007-10-04,7944.99,20.41
"195",2007-10-05,8002.18,19.36
"196",2007-10-08,7974.37,19.34
"197",2007-10-09,7980.44,19.17
"198",2007-10-10,7986.57,19.17
"199",2007-10-11,8033.69,18.81
"200",2007-10-12,8041.26,18.96
"201",2007-10-15,7969.47,19.81
"202",2007-10-16,7962.64,20.51
"203",2007-10-17,7985.41,20.18
"204",2007-10-18,7921.4,20.4
"205",2007-10-19,7884.12,20.24
"206",2007-10-22,7794.94,22.12
"207",2007-10-23,7842.79,17.49
"208",2007-10-24,7828.96,20.71
"209",2007-10-25,7932.44,20.06
"210",2007-10-26,7949.17,19.3
"211",2007-10-29,8009.67,18.86
"212",2007-10-30,7977.94,18.99
"213",2007-10-31,8019.22,18.52
"214",2007-11-01,7880.85,19.15
"215",2007-11-02,7849.49,20.34
"216",2007-11-05,7807.55,21.05
"217",2007-11-06,7827.19,20.53
"218",2007-11-07,7799.62,20.69
"219",2007-11-08,7819.47,21.35
"220",2007-11-09,7812.4,21.78
"221",2007-11-12,7806.84,21.95
"222",2007-11-13,7777.56,21.68
"223",2007-11-14,7783.11,21.34
"224",2007-11-15,7667.03,22.04
"225",2007-11-16,7612.26,22.21
"226",2007-11-19,7511.97,23.25
"227",2007-11-20,7630.31,19.58
"228",2007-11-21,7518.42,23.67
"229",2007-11-22,7562.1,23.15
"230",2007-11-23,7608.96,22.44
"231",2007-11-26,7567.36,23
"232",2007-11-27,7531.35,23.66
"233",2007-11-28,7723.66,22.66
"234",2007-11-29,7765.19,21.65
"235",2007-11-30,7870.52,20.56
"236",2007-12-03,7837.26,20.53
"237",2007-12-04,7808.94,20.68
"238",2007-12-05,7944.77,19.5
"239",2007-12-06,7940.58,19.29
"240",2007-12-07,7994.07,18.63
"241",2007-12-10,8033.36,18.49
"242",2007-12-11,8009.42,18.76
"243",2007-12-12,8076.12,18.11
"244",2007-12-13,7928.31,19.68
"245",2007-12-14,7948.36,19.75
"246",2007-12-17,7825.44,20.88
"247",2007-12-18,7850.74,20.85
"248",2007-12-19,7837.32,20.82
"249",2007-12-20,7869.19,20.37
"250",2007-12-21,8002.67,18.35
"251",2007-12-27,8038.6,18.39
"252",2007-12-28,8067.32,19.62
"253",2008-01-02,7949.11,21.1
"254",2008-01-03,7908.41,21.48
"255",2008-01-04,7808.69,22.06
"256",2008-01-07,7817.17,22.31
"257",2008-01-08,7849.99,21.64
"258",2008-01-09,7782.71,21.04
"259",2008-01-10,7713.09,22.29
"260",2008-01-11,7717.95,21.89
"261",2008-01-14,7732.02,21.55
"262",2008-01-15,7566.38,22.37
"263",2008-01-16,7471.57,23.12
"264",2008-01-17,7413.53,22.95
"265",2008-01-18,7314.17,24.01
"266",2008-01-21,6790.19,29.31
"267",2008-01-22,6769.47,24
"268",2008-01-23,6439.21,23.65
"269",2008-01-24,6821.07,23.58
"270",2008-01-25,6816.74,27.98
"271",2008-01-28,6818.85,28.54
"272",2008-01-29,6892.96,27.14
"273",2008-01-30,6875.35,27.14
"274",2008-01-31,6851.75,27.14
"275",2008-02-01,6968.67,25.46
"276",2008-02-04,7000.49,25.37
"277",2008-02-05,6765.25,27.95
"278",2008-02-06,6847.51,27.91
"279",2008-02-07,6733.72,28.55
"280",2008-02-08,6767.28,28.76
"281",2008-02-11,6743.54,29.3
"282",2008-02-12,6967.84,28.04
"283",2008-02-13,6973.67,26.99
"284",2008-02-14,6962.28,26.78
"285",2008-02-15,6832.43,27.82
"286",2008-02-18,6967.55,27.17
"287",2008-02-19,7002.29,25.31
"288",2008-02-20,6899.68,25.83
"289",2008-02-21,6904.85,26.58
"290",2008-02-22,6806.29,27.37
"291",2008-02-25,6882.56,26.44
"292",2008-02-26,6985.97,26.04
"293",2008-02-27,6997.85,25.43
"294",2008-02-28,6862.52,25.86
"295",2008-02-29,6748.13,27.5
"296",2008-03-03,6689.95,29.08
"297",2008-03-04,6545.04,29.66
"298",2008-03-05,6683.71,28.65
"299",2008-03-06,6591.31,28.94
"300",2008-03-07,6513.99,29.8
"301",2008-03-10,6448.08,30.27
"302",2008-03-11,6524.57,29.25
"303",2008-03-12,6599.37,28.28
"304",2008-03-13,6500.56,28.82
"305",2008-03-14,6451.9,29.63
"306",2008-03-17,6182.3,33.07
"307",2008-03-18,6393.39,31.21
"308",2008-03-19,6361.22,29.26
"309",2008-03-20,6319.99,28.84
"310",2008-03-25,6524.71,27.27
"311",2008-03-26,6489.26,27.44
"312",2008-03-27,6578.06,26.16
"313",2008-03-28,6559.9,25.89
"314",2008-03-31,6534.97,26.23
"315",2008-04-01,6720.33,24.58
"316",2008-04-02,6777.44,24.15
"317",2008-04-03,6741.72,24.76
"318",2008-04-04,6763.39,24.11
"319",2008-04-07,6821.03,23.56
"320",2008-04-08,6771.98,23.98
"321",2008-04-09,6721.36,24.16
"322",2008-04-10,6704.32,23.92
"323",2008-04-11,6603.57,24.28
"324",2008-04-14,6554.49,24.88
"325",2008-04-15,6585.05,24.45
"326",2008-04-16,6702.84,23.66
"327",2008-04-17,6681.81,23.43
"328",2008-04-18,6843.08,21.97
"329",2008-04-21,6786.55,22.26
"330",2008-04-22,6728.3,22.09
"331",2008-04-23,6795.03,22.06
"332",2008-04-24,6821.32,21.42
"333",2008-04-25,6896.58,20.92
"334",2008-04-28,6925.33,20.37
"335",2008-04-29,6885.34,20.65
"336",2008-04-30,6948.82,20.39
"337",2008-05-02,7043.23,19.56
"338",2008-05-05,7052.08,19.67
"339",2008-05-06,7017.1,19.75
"340",2008-05-07,7076.25,19.53
"341",2008-05-08,7071.9,19.74
"342",2008-05-09,7003.17,20.17
"343",2008-05-12,7035.95,20.35
"344",2008-05-13,7060.19,20.22
"345",2008-05-14,7083.24,19.96
"346",2008-05-15,7081.05,19.78
"347",2008-05-16,7156.55,18.98
"348",2008-05-19,7225.94,18.66
"349",2008-05-20,7118.5,20.08
"350",2008-05-21,7040.83,20.37
"351",2008-05-22,7070.33,20.6
"352",2008-05-23,6944.05,21.63
"353",2008-05-26,6953.84,21.71
"354",2008-05-27,6958.66,21.69
"355",2008-05-28,7033.84,21.24
"356",2008-05-29,7055.03,21.03
"357",2008-05-30,7096.79,20.81
"358",2008-06-02,7008.77,21.69
"359",2008-06-03,7019.13,21.46
"360",2008-06-04,6965.43,21.79
"361",2008-06-05,6941.83,21.6
"362",2008-06-06,6803.81,22.63
"363",2008-06-09,6815.63,23.39
"364",2008-06-10,6771.1,23.33
"365",2008-06-11,6650.26,23.84
"366",2008-06-12,6714.52,22.96
"367",2008-06-13,6765.32,22.1
"368",2008-06-16,6729.88,21.89
"369",2008-06-17,6796.16,21.44
"370",2008-06-18,6728.91,22.06
"371",2008-06-19,6721.17,22.08
"372",2008-06-20,6578.44,22.88
"373",2008-06-23,6589.46,22.67
"374",2008-06-24,6536.06,23.49
"375",2008-06-25,6617.84,22.29
"376",2008-06-26,6459.6,22.97
"377",2008-06-27,6421.91,23.63
"378",2008-06-30,6418.32,23.47
"379",2008-07-01,6315.94,24.15
"380",2008-07-02,6305.42,24.45
"381",2008-07-03,6353.74,24.39
"382",2008-07-04,6272.21,24.9
"383",2008-07-07,6395.75,24.32
"384",2008-07-08,6304.41,24.81
"385",2008-07-09,6386.46,23.94
"386",2008-07-10,6305,25
"387",2008-07-11,6153.3,26.22
"388",2008-07-14,6200.25,26.62
"389",2008-07-15,6081.7,27.52
"390",2008-07-16,6155.37,26.63
"391",2008-07-17,6271.27,25.06
"392",2008-07-18,6382.65,23.73
"393",2008-07-21,6424.84,22.97
"394",2008-07-22,6442.79,22.41
"395",2008-07-23,6536.09,21.76
"396",2008-07-24,6440.7,22.27
"397",2008-07-25,6436.71,22.54
"398",2008-07-28,6351.15,23.25
"399",2008-07-29,6398.8,23.42
"400",2008-07-30,6460.12,22.65
"401",2008-07-31,6479.56,22.39
"402",2008-08-01,6396.46,22.88
"403",2008-08-04,6349.81,23.46
"404",2008-08-05,6518.7,22.37
"405",2008-08-06,6561.39,21.68
"406",2008-08-07,6543.49,22.18
"407",2008-08-08,6561.65,22
"408",2008-08-11,6609.63,21.63
"409",2008-08-12,6585.87,21.86
"410",2008-08-13,6422.19,23.19
"411",2008-08-14,6442.21,23.11
"412",2008-08-15,6446.02,22.45
"413",2008-08-18,6432.88,22.42
"414",2008-08-19,6282.43,19.64
"415",2008-08-20,6317.8,22.73
"416",2008-08-21,6236.96,22.89
"417",2008-08-22,6342.42,22.45
"418",2008-08-25,6296.95,22.68
"419",2008-08-26,6340.52,22.52
"420",2008-08-27,6321.03,22.44
"421",2008-08-28,6420.54,21.68
"422",2008-08-29,6422.3,21.41
"423",2008-09-01,6421.8,21.69
"424",2008-09-02,6518.47,21.32
"425",2008-09-03,6467.49,21.82
"426",2008-09-04,6279.57,23.49
"427",2008-09-05,6127.44,24.69
"428",2008-09-08,6263.74,24.24
"429",2008-09-09,6233.41,23.97
"430",2008-09-10,6210.32,24.26
"431",2008-09-11,6178.9,24.57
"432",2008-09-12,6234.89,24.25
"433",2008-09-15,6064.16,26.58
"434",2008-09-16,5965.17,27.58
"435",2008-09-17,5860.98,28.89
"436",2008-09-18,5863.42,28.72
"437",2008-09-19,6189.53,27.17
"438",2008-09-22,6107.75,27
"439",2008-09-23,6068.53,27.02
"440",2008-09-24,6052.87,27.23
"441",2008-09-26,6063.5,29.24
"442",2008-09-29,5807.08,32.08
"443",2008-09-30,5831.02,33.19
"444",2008-10-01,5806.33,33.93
"445",2008-10-02,5660.63,35.28
"446",2008-10-03,5797.03,34.84
"447",2008-10-06,5387.01,41.02
"448",2008-10-07,5326.63,41.28
"449",2008-10-08,5013.62,49.38
"450",2008-10-09,4887,49.16
"451",2008-10-10,4544.31,68.36
"452",2008-10-13,5062.45,58.98
"453",2008-10-14,5199.19,54.68
"454",2008-10-15,4861.63,57.24
"455",2008-10-16,4622.81,71.44
"456",2008-10-17,4781.33,69.64
"457",2008-10-20,4835.01,60.85
"458",2008-10-21,4784.41,36.37
"459",2008-10-22,4571.07,47.6
"460",2008-10-23,4519.7,51.41
"461",2008-10-24,4295.67,55.98
"462",2008-10-27,4334.64,60.35
"463",2008-10-28,4823.45,62.03
"464",2008-10-29,4808.69,59.4
"465",2008-10-30,4869.3,57.27
"466",2008-10-31,4987.97,57.73
"467",2008-11-03,5026.84,53.27
"468",2008-11-04,5278.04,46.93
"469",2008-11-05,5166.87,44.66
"470",2008-11-06,4813.57,48.95
"471",2008-11-07,4938.46,52.37
"472",2008-11-10,5025.53,50.18
"473",2008-11-11,4761.58,52.83
"474",2008-11-12,4620.8,57.44
"475",2008-11-13,4649.52,59.14
"476",2008-11-14,4710.24,58.47
"477",2008-11-17,4557.27,59.26
"478",2008-11-18,4579.47,59.76
"479",2008-11-19,4354.09,60.34
"480",2008-11-20,4220.2,64.92
"481",2008-11-21,4127.41,68.21
"482",2008-11-24,4554.33,64.89
"483",2008-11-25,4560.42,51.02
"484",2008-11-26,4560.5,49.54
"485",2008-11-27,4665.27,48.67
"486",2008-11-28,4669.44,47.92
"487",2008-12-01,4394.79,50.59
"488",2008-12-02,4531.79,51
"489",2008-12-03,4567.24,50.49
"490",2008-12-04,4564.23,50.25
"491",2008-12-05,4381.47,52.86
"492",2008-12-08,4715.88,50.12
"493",2008-12-09,4779.11,48.99
"494",2008-12-10,4804.88,48.29
"495",2008-12-11,4767.2,47.79
"496",2008-12-12,4663.37,50.55
"497",2008-12-15,4654.82,50.53
"498",2008-12-16,4729.91,49.7
"499",2008-12-17,4708.38,49
"500",2008-12-18,4756.4,47.26
"501",2008-12-19,4696.7,44.49
"502",2008-12-22,4639.02,42.45
"503",2008-12-23,4629.38,44.18
"504",2008-12-29,4704.86,44.73
"505",2008-12-30,4810.2,44.22
"506",2009-01-02,4973.07,42.4
"507",2009-01-05,4983.99,41.27
"508",2009-01-06,5026.31,40.83
"509",2009-01-07,4937.47,41.37
"510",2009-01-08,4879.91,42.27
"511",2009-01-09,4783.89,42.55
"512",2009-01-12,4719.62,44.51
"513",2009-01-13,4636.94,45.85
"514",2009-01-14,4422.35,49.04
"515",2009-01-15,4336.73,53.68
"516",2009-01-16,4366.28,50.95
"517",2009-01-19,4316.14,50.87
"518",2009-01-20,4239.85,37.47
"519",2009-01-21,4261.15,42.05
"520",2009-01-22,4219.42,49.01
"521",2009-01-23,4178.94,48.82
"522",2009-01-26,4326.87,45.9
"523",2009-01-27,4323.42,44.24
"524",2009-01-28,4518.72,42.4
"525",2009-01-29,4428.11,42.06
"526",2009-01-30,4338.35,42.82
"527",2009-02-02,4271.04,44.6
"528",2009-02-03,4374.96,43.89
"529",2009-02-04,4492.79,41.47
"530",2009-02-05,4510.49,40.45
"531",2009-02-06,4644.63,39.66
"532",2009-02-09,4666.82,39.46
"533",2009-02-10,4505.54,41.13
"534",2009-02-11,4530.09,41.79
"535",2009-02-12,4407.56,42.38
"536",2009-02-13,4413.39,40.99
"537",2009-02-16,4366.64,41.97
"538",2009-02-17,4216.6,43.82
"539",2009-02-18,4204.96,44.45
"540",2009-02-19,4215.21,43.38
"541",2009-02-20,4014.66,45.97
"542",2009-02-23,3936.45,48.26
"543",2009-02-24,3895.75,37.2
"544",2009-02-25,3846.21,42.21
"545",2009-02-26,3942.62,41.88
"546",2009-02-27,3843.74,40.4
"547",2009-03-02,3710.07,44.04
"548",2009-03-03,3690.72,45.46
"549",2009-03-04,3890.94,43.19
"550",2009-03-05,3695.49,43.25
"551",2009-03-06,3666.41,45.08
"552",2009-03-09,3692.03,44.99
"553",2009-03-10,3886.98,43.09
"554",2009-03-11,3914.1,42.01
"555",2009-03-12,3956.22,42.19
"556",2009-03-13,3953.6,42.1
"557",2009-03-16,4044.54,42.3
"558",2009-03-17,3987.77,42.05
"559",2009-03-18,3996.32,42.17
"560",2009-03-19,4043.46,42.4
"561",2009-03-20,4068.74,42.38
"562",2009-03-23,4176.37,41.24
"563",2009-03-24,4187.36,39.77
"564",2009-03-25,4223.29,39.16
"565",2009-03-26,4259.37,38.95
"566",2009-03-27,4203.55,39.35
"567",2009-03-30,3989.23,42.27
"568",2009-03-31,4084.76,41.71
"569",2009-04-01,4131.07,40.48
"570",2009-04-02,4381.92,39.94
"571",2009-04-03,4384.99,38.87
"572",2009-04-06,4349.81,38.82
"573",2009-04-07,4322.5,38.89
"574",2009-04-08,4357.92,38.31
"575",2009-04-09,4491.12,37.34
"576",2009-04-14,4557.01,37.89
"577",2009-04-15,4549.79,38.06
"578",2009-04-16,4609.46,37.27
"579",2009-04-17,4676.84,35.9
"580",2009-04-20,4486.3,38.87
"581",2009-04-21,4501.63,30.34
"582",2009-04-22,4594.42,37.18
"583",2009-04-23,4538.21,36.91
"584",2009-04-24,4674.32,36
"585",2009-04-27,4694.07,35.88
"586",2009-04-28,4607.42,36.57
"587",2009-04-29,4704.56,36
"588",2009-04-30,4769.45,34.85
"589",2009-05-04,4902.45,34.71
"590",2009-05-05,4853.03,34.68
"591",2009-05-06,4880.71,34.45
"592",2009-05-07,4804.1,35.34
"593",2009-05-08,4913.9,34.48
"594",2009-05-11,4866.91,34.93
"595",2009-05-12,4854.11,34.16
"596",2009-05-13,4727.61,35.42
"597",2009-05-14,4738.47,35.2
"598",2009-05-15,4737.5,33.45
"599",2009-05-18,4851.96,32.26
"600",2009-05-19,4959.62,27.23
"601",2009-05-20,5038.94,26.26
"602",2009-05-21,4900.67,28.01
"603",2009-05-22,4918.75,28.21
"604",2009-05-25,4918.45,28.66
"605",2009-05-26,4985.6,28.52
"606",2009-05-27,5000.77,28.33
"607",2009-05-28,4932.88,28.8
"608",2009-05-29,4940.82,28.77
"609",2009-06-01,5142.56,29.85
"610",2009-06-02,5144.06,29.43
"611",2009-06-03,5054.53,30.21
"612",2009-06-04,5064.8,30.24
"613",2009-06-05,5077.03,29.53
"614",2009-06-08,5004.72,30.7
"615",2009-06-09,4997.86,30.28
"616",2009-06-10,5051.18,29.29
"617",2009-06-11,5107.26,28.22
"618",2009-06-12,5069.24,28.05
"619",2009-06-15,4889.94,29.97
"620",2009-06-16,4890.72,30.06
"621",2009-06-17,4799.98,31.46
"622",2009-06-18,4837.48,31.11
"623",2009-06-19,4839.46,30.02
"624",2009-06-22,4693.4,31.83
"625",2009-06-23,4707.15,34.32
"626",2009-06-24,4836.01,32.71
"627",2009-06-25,4800.56,32.32
"628",2009-06-26,4776.47,32.15
"629",2009-06-29,4885.09,31.45
"630",2009-06-30,4808.64,31.08
"631",2009-07-01,4905.44,30.4
"632",2009-07-02,4718.49,31.68
"633",2009-07-03,4708.21,32.58
"634",2009-07-06,4651.82,33.76
"635",2009-07-07,4598.19,34.35
"636",2009-07-08,4572.65,34.95
"637",2009-07-09,4630.07,34.03
"638",2009-07-10,4576.31,33.66
"639",2009-07-13,4722.34,32.77
"640",2009-07-14,4781.69,31.43
"641",2009-07-15,4928.44,29.92
"642",2009-07-16,4957.19,29.22
"643",2009-07-17,4978.4,28.35
"644",2009-07-20,5030.15,28.2
"645",2009-07-21,5093.97,24.28
"646",2009-07-22,5121.56,31.22
"647",2009-07-23,5247.28,29.64
"648",2009-07-24,5229.36,24.68
"649",2009-07-27,5251.55,26.8
"650",2009-07-28,5174.74,27.24
"651",2009-07-29,5270.32,27.06
"652",2009-07-30,5360.66,27.08
"653",2009-07-31,5332.14,27.42
"654",2009-08-03,5426.85,28.1
"655",2009-08-04,5417.02,28.1
"656",2009-08-05,5353.01,27.68
"657",2009-08-06,5369.98,27.3
"658",2009-08-07,5458.96,26.78
"659",2009-08-10,5418.12,27.02
"660",2009-08-11,5285.81,27.69
"661",2009-08-12,5350.09,27.75
"662",2009-08-13,5401.11,27.19
"663",2009-08-14,5309.11,27.84
"664",2009-08-17,5201.61,30.9
"665",2009-08-18,5250.74,32.8
"666",2009-08-19,5231.98,32.7
"667",2009-08-20,5311.06,28.96
"668",2009-08-21,5462.74,27.64
"669",2009-08-24,5519.75,27.56
"670",2009-08-25,5557.09,23.65
"671",2009-08-26,5521.97,26.58
"672",2009-08-27,5470.33,26.72
"673",2009-08-28,5517.35,26.67
"674",2009-08-31,5464.61,27.27
"675",2009-09-01,5327.29,27.83
"676",2009-09-02,5319.84,30.34
"677",2009-09-03,5301.42,29.9
"678",2009-09-04,5384.43,28.82
"679",2009-09-07,5463.51,28.19
"680",2009-09-08,5481.73,27.9
"681",2009-09-09,5574.26,27.42
"682",2009-09-10,5594.77,27.06
"683",2009-09-11,5624.02,26.75
"684",2009-09-14,5620.24,27.22
"685",2009-09-15,5628.98,27.12
"686",2009-09-16,5700.26,26.67
"687",2009-09-17,5731.14,26.36
"688",2009-09-18,5703.83,26.26
"689",2009-09-21,5668.65,27.22
"690",2009-09-22,5709.38,28.69
"691",2009-09-23,5702.05,28.36
"692",2009-09-24,5605.21,29.44
"693",2009-09-25,5581.41,29.65
"694",2009-09-28,5736.31,29.08
"695",2009-09-29,5713.52,28.36
"696",2009-09-30,5675.16,28.23
"697",2009-10-01,5554.55,29.44
"698",2009-10-02,5467.9,30.4
"699",2009-10-05,5508.85,30.55
"700",2009-10-06,5657.64,28.81
"701",2009-10-07,5640.75,28.3
"702",2009-10-08,5716.54,27.67
"703",2009-10-09,5711.88,27.35
"704",2009-10-12,5783.23,26.93
"705",2009-10-13,5714.31,27.38
"706",2009-10-14,5854.14,26.52
"707",2009-10-15,5830.77,26.67
"708",2009-10-16,5743.39,27.31
"709",2009-10-19,5852.56,26.96
"710",2009-10-20,5811.77,22
"711",2009-10-21,5833.49,22.01
"712",2009-10-22,5762.93,25.1
"713",2009-10-23,5740.25,24.86
"714",2009-10-26,5642.16,25.94
"715",2009-10-27,5635.02,26.39
"716",2009-10-28,5496.27,27.3
"717",2009-10-29,5587.45,26.64
"718",2009-10-30,5414.96,28.18
"719",2009-11-02,5430.82,28.64
"720",2009-11-03,5353.35,29
"721",2009-11-04,5444.23,27.87
"722",2009-11-05,5480.92,26.9
"723",2009-11-06,5488.25,26.58
"724",2009-11-09,5619.72,25.35
"725",2009-11-10,5613.2,25.2
"726",2009-11-11,5668.35,25.18
"727",2009-11-12,5663.96,25.43
"728",2009-11-13,5686.83,25.25
"729",2009-11-16,5804.82,24.93
"730",2009-11-17,5778.43,25.22
"731",2009-11-18,5787.61,24.98
"732",2009-11-19,5702.18,25.54
"733",2009-11-20,5663.15,25.81
"734",2009-11-23,5801.48,24.43
"735",2009-11-24,5769.31,22.45
"736",2009-11-25,5803.02,22.39
"737",2009-11-26,5614.17,27.63
"738",2009-11-27,5685.61,27.96
"739",2009-11-30,5625.95,28.95
"740",2009-12-01,5776.61,27.37
"741",2009-12-02,5781.68,26.98
"742",2009-12-03,5770.35,27.01
"743",2009-12-04,5817.65,26.57
"744",2009-12-07,5784.75,26.59
"745",2009-12-08,5688.58,27.42
"746",2009-12-09,5647.84,28.2
"747",2009-12-10,5709.02,27.77
"748",2009-12-11,5756.29,26.84
"749",2009-12-14,5802.26,26.5
"750",2009-12-15,5811.34,26.22
"751",2009-12-16,5903.43,25.37
"752",2009-12-17,5844.44,25.52
"753",2009-12-18,5831.21,25.81
"754",2009-12-21,5930.53,24.6
"755",2009-12-22,5945.69,25.45
"756",2009-12-23,5957.44,25.01
"757",2009-12-28,6002.92,24.68
"758",2009-12-29,6011.55,24.24
"759",2009-12-30,5957.43,24.48
"760",2010-01-04,6048.3,24.07
"761",2010-01-05,6031.86,23.52
"762",2010-01-06,6034.33,23.2
"763",2010-01-07,6019.36,23.42
"764",2010-01-08,6037.61,22.88
"765",2010-01-11,6040.5,22.93
"766",2010-01-12,5943,23.45
"767",2010-01-13,5963.14,23.3
"768",2010-01-14,5988.88,22.52
"769",2010-01-15,5875.97,23.47
"770",2010-01-18,5918.55,22.66
"771",2010-01-19,5976.48,19.09
"772",2010-01-20,5851.53,22.78
"773",2010-01-21,5746.97,23.79
"774",2010-01-22,5695.32,24.57
"775",2010-01-25,5631.37,25.07
"776",2010-01-26,5668.93,24.36
"777",2010-01-27,5643.2,24.51
"778",2010-01-28,5540.33,24.84
"779",2010-01-29,5608.79,24.48
"780",2010-02-01,5654.48,24.14
"781",2010-02-02,5709.66,23.38
"782",2010-02-03,5672.09,23.34
"783",2010-02-04,5533.24,25.02
"784",2010-02-05,5434.34,26.14
"785",2010-02-08,5484.85,25.72
"786",2010-02-09,5498.26,25.45
"787",2010-02-10,5536.37,25.05
"788",2010-02-11,5503.93,25.38
"789",2010-02-12,5500.39,24.86
"790",2010-02-15,5511.1,24.85
"791",2010-02-16,5592.12,23.66
"792",2010-02-17,5648.34,22.8
"793",2010-02-18,5680.41,22.23
"794",2010-02-19,5722.05,21.69
"795",2010-02-22,5688.44,21.45
"796",2010-02-23,5604.07,19.85
"797",2010-02-24,5615.51,22.86
"798",2010-02-25,5532.33,22.98
"799",2010-02-26,5598.46,22.29
"800",2010-03-01,5713.51,21.53
"801",2010-03-02,5776.56,20.8
"802",2010-03-03,5817.88,20.43
"803",2010-03-04,5795.32,20.85
"804",2010-03-05,5877.36,20.19
"805",2010-03-08,5875.91,20.4
"806",2010-03-09,5885.89,20.1
"807",2010-03-10,5936.72,19.76
"808",2010-03-11,5928.63,19.79
"809",2010-03-12,5945.11,19.97
"810",2010-03-15,5903.56,20.83
"811",2010-03-16,5970.99,20.47
"812",2010-03-17,6024.28,19.92
"813",2010-03-18,6012.31,20.05
"814",2010-03-19,5982.43,19.84
"815",2010-03-22,5987.5,20.12
"816",2010-03-23,6017.27,20.39
"817",2010-03-24,6039,20.28
"818",2010-03-25,6132.95,19.68
"819",2010-03-26,6120.05,19.91
"820",2010-03-29,6156.85,20.02
"821",2010-03-30,6142.45,19.97
"822",2010-03-31,6153.55,20.01
"823",2010-04-01,6235.56,19.33
"824",2010-04-06,6252.21,19.42
"825",2010-04-07,6222.41,19.64
"826",2010-04-08,6171.83,20.41
"827",2010-04-09,6249.7,19.42
"828",2010-04-12,6250.69,19.24
"829",2010-04-13,6230.83,19.47
"830",2010-04-14,6278.4,19.19
"831",2010-04-15,6291.45,19.37
"832",2010-04-16,6180.9,20.4
"833",2010-04-19,6162.44,21.18
"834",2010-04-20,6264.23,17.59
"835",2010-04-21,6230.38,18.05
"836",2010-04-22,6168.72,19.77
"837",2010-04-23,6259.53,19.11
"838",2010-04-26,6332.1,18.78
"839",2010-04-27,6159.51,20.69
"840",2010-04-28,6084.34,21.7
"841",2010-04-29,6144.91,21.23
"842",2010-04-30,6135.7,23.09
"843",2010-05-03,6166.92,23.14
"844",2010-05-04,6006.86,25.04
"845",2010-05-05,5958.45,25.7
"846",2010-05-06,5908.26,26.99
"847",2010-05-07,5715.09,32.43
"848",2010-05-10,6017.91,28.12
"849",2010-05-11,6037.71,27.44
"850",2010-05-12,6183.49,26.82
"851",2010-05-13,6251.97,24.57
"852",2010-05-14,6056.71,29.5
"853",2010-05-17,6066.92,30.7
"854",2010-05-18,6155.93,29.83
"855",2010-05-19,5988.67,35.43
"856",2010-05-20,5867.88,39.73
"857",2010-05-21,5829.25,39.91
"858",2010-05-24,5805.68,37.93
"859",2010-05-25,5670.04,26.43
"860",2010-05-26,5758.02,24.94
"861",2010-05-27,5937.14,25.86
"862",2010-05-28,5946.18,25.36
"863",2010-05-31,5964.33,26.66
"864",2010-06-01,5981.27,27.31
"865",2010-06-02,5981.2,26.88
"866",2010-06-03,6054.63,28.23
"867",2010-06-04,5938.88,29.49
"868",2010-06-07,5904.95,31.62
"869",2010-06-08,5868.55,32.59
"870",2010-06-09,5984.75,29.49
"871",2010-06-10,6056.59,27.88
"872",2010-06-11,6047.83,26.93
"873",2010-06-14,6125,25.66
"874",2010-06-15,6175.05,24.31
"875",2010-06-16,6190.91,24.41
"876",2010-06-17,6223.54,24.54
"877",2010-06-18,6216.98,24.02
"878",2010-06-21,6292.97,23.29
"879",2010-06-22,6269.04,25.28
"880",2010-06-23,6204.52,26.31
"881",2010-06-24,6115.48,27.72
"882",2010-06-25,6070.6,28.62
"883",2010-06-28,6157.22,27.8
"884",2010-06-29,5952.03,29.92
"885",2010-06-30,5965.52,30.12
"886",2010-07-01,5857.43,30.21
"887",2010-07-02,5834.15,28.93
"888",2010-07-05,5816.2,28.26
"889",2010-07-06,5940.98,26.58
"890",2010-07-07,5992.86,25.56
"891",2010-07-08,6035.66,24.8
"892",2010-07-09,6065.24,24.21
"893",2010-07-12,6077.19,24.6
"894",2010-07-13,6191.13,23.26
"895",2010-07-14,6209.76,23.38
"896",2010-07-15,6149.36,24.85
"897",2010-07-16,6040.27,25.77
"898",2010-07-19,6009.11,25.7
"899",2010-07-20,5967.49,21.34
"900",2010-07-21,5990.38,23.62
"901",2010-07-22,6142.15,22.66
"902",2010-07-23,6166.34,24.03
"903",2010-07-26,6194.21,23.87
"904",2010-07-27,6207.31,23.16
"905",2010-07-28,6178.94,23.21
"906",2010-07-29,6134.7,23.17
"907",2010-07-30,6147.97,23.42
"908",2010-08-02,6292.13,22.42
"909",2010-08-03,6307.91,22.11
"910",2010-08-04,6331.33,22.11
"911",2010-08-05,6333.58,22.34
"912",2010-08-06,6259.63,23.48
"913",2010-08-09,6351.6,22.97
"914",2010-08-10,6286.25,23.88
"915",2010-08-11,6154.07,25.63
"916",2010-08-12,6135.17,25.46
"917",2010-08-13,6110.41,25.6
"918",2010-08-16,6110.57,25.9
"919",2010-08-17,6206.4,24.43
"920",2010-08-18,6186.31,24.47
"921",2010-08-19,6075.13,26
"922",2010-08-20,6005.16,26.17
"923",2010-08-23,6010.91,25.4
"924",2010-08-24,5935.44,21.77
"925",2010-08-25,5899.5,25.62
"926",2010-08-26,5912.58,25.47
"927",2010-08-27,5951.17,24.8
"928",2010-08-30,5912.41,24.92
"929",2010-08-31,5925.22,25.03
"930",2010-09-01,6083.9,23.27
"931",2010-09-02,6083.85,22.64
"932",2010-09-03,6134.62,21.98
"933",2010-09-06,6155.04,21.73
"934",2010-09-07,6117.89,22.09
"935",2010-09-08,6164.44,21.79
"936",2010-09-09,6221.52,21.3
"937",2010-09-10,6214.77,21.59
"938",2010-09-13,6261.68,20.98
"939",2010-09-14,6275.41,20.87
"940",2010-09-15,6261.87,21.09
"941",2010-09-16,6249.65,21.28
"942",2010-09-17,6209.76,21.58
"943",2010-09-20,6294.58,22.58
"944",2010-09-21,6275.98,22.51
"945",2010-09-22,6208.33,22.86
"946",2010-09-23,6184.71,23.18
"947",2010-09-24,6298.3,22.21
"948",2010-09-27,6278.89,22.35
"949",2010-09-28,6276.09,22.43
"950",2010-09-29,6246.92,22.74
"951",2010-09-30,6229.02,23.19
"952",2010-10-01,6211.34,23.53
"953",2010-10-04,6134.21,24.16
"954",2010-10-05,6215.83,23.11
"955",2010-10-06,6270.73,22.24
"956",2010-10-07,6276.25,22.05
"957",2010-10-08,6291.67,21.19
"958",2010-10-11,6309.51,21.06
"959",2010-10-12,6304.57,21.04
"960",2010-10-13,6434.52,19.95
"961",2010-10-14,6455.27,20.42
"962",2010-10-15,6492.3,20.9
"963",2010-10-19,6490.69,18.2
"964",2010-10-20,6524.55,17.92
"965",2010-10-21,6611.01,19.7
"966",2010-10-22,6605.84,19.74
"967",2010-10-25,6639.21,20.42
"968",2010-10-26,6613.8,20.49
"969",2010-10-27,6568,21.14
"970",2010-10-28,6595.28,20.66
"971",2010-10-29,6601.37,20.4
"972",2010-11-01,6604.86,20.7
"973",2010-11-02,6654.31,20.3
"974",2010-11-03,6617.8,20.5
"975",2010-11-04,6734.69,18.84
"976",2010-11-05,6754.2,18.63
"977",2010-11-08,6750.5,18.69
"978",2010-11-09,6787.81,18.16
"979",2010-11-10,6719.84,18.7
"980",2010-11-11,6723.41,18.95
"981",2010-11-12,6734.61,18.88
"982",2010-11-15,6790.17,18.7
"983",2010-11-16,6663.24,20.08
"984",2010-11-17,6700.07,19.72
"985",2010-11-18,6832.11,18.57
"986",2010-11-19,6843.55,17.94
"987",2010-11-23,6705,18.21
"988",2010-11-24,6823.8,18.32
"989",2010-11-25,6879.66,18.63
"990",2010-11-26,6848.98,19.52
"991",2010-11-29,6697.97,20.94
"992",2010-11-30,6688.49,21.36
"993",2010-12-01,6866.63,23.12
"994",2010-12-02,6957.61,23.24
"995",2010-12-03,6947.72,22.34
"996",2010-12-06,6954.38,22.28
"997",2010-12-07,7001.91,21.81
"998",2010-12-08,6975.87,21.74
"999",2010-12-09,6964.16,21.64
"1000",2010-12-10,7006.17,21.19
"1001",2010-12-13,7029.39,20.15
"1002",2010-12-14,7027.4,19.65
"1003",2010-12-15,7016.37,19.52
"1004",2010-12-16,7024.4,19.59
"1005",2010-12-17,6982.45,19.26
"1006",2010-12-20,7018.6,20.62
"1007",2010-12-21,7077.99,19.97
"1008",2010-12-22,7067.92,19.79
"1009",2010-12-23,7057.69,20.3
"1010",2010-12-27,6970.73,21.2
"1011",2010-12-28,6972.1,21.34
"1012",2010-12-29,6995.47,21.16
"1013",2010-12-30,6914.19,21.85
"1014",2011-01-03,6989.74,21.78
"1015",2011-01-04,6975.35,21.38
"1016",2011-01-05,6939.82,21.17
"1017",2011-01-06,6981.39,20.7
"1018",2011-01-07,6947.84,21.07
"1019",2011-01-10,6857.06,22.03
"1020",2011-01-11,6941.57,20.81
"1021",2011-01-12,7068.78,19.72
"1022",2011-01-13,7075.11,19.59
"1023",2011-01-14,7075.7,18.99
"1024",2011-01-17,7078.06,18.81
"1025",2011-01-18,7143.45,17.99
"1026",2011-01-19,7082.76,18.5
"1027",2011-01-20,7024.27,19.09
"1028",2011-01-21,7062.42,18.19
"1029",2011-01-25,7059.01,16.74
"1030",2011-01-26,7127.35,18
"1031",2011-01-27,7155.58,17.52
"1032",2011-01-28,7102.8,17.93
"1033",2011-01-31,7077.48,18.37
"1034",2011-02-01,7184.27,17.59
"1035",2011-02-02,7183.67,17.65
"1036",2011-02-03,7193.68,17.64
"1037",2011-02-04,7216.21,17.13
"1038",2011-02-07,7283.62,16.73
"1039",2011-02-08,7323.24,16.44
"1040",2011-02-09,7320.9,16.43
"1041",2011-02-10,7340.28,16.49
"1042",2011-02-11,7371.2,16.38
"1043",2011-02-14,7396.63,16.61
"1044",2011-02-15,7400.04,16.54
"1045",2011-02-16,7414.3,16.07
"1046",2011-02-17,7405.51,17.2
"1047",2011-02-18,7426.81,16.81
"1048",2011-02-22,7318.35,15.55
"1049",2011-02-23,7194.6,17.44
"1050",2011-02-24,7130.5,19.83
"1051",2011-02-25,7185.17,18.92
"1052",2011-02-28,7272.32,18.75
"1053",2011-03-01,7223.3,19.33
"1054",2011-03-02,7181.12,19.54
"1055",2011-03-03,7225.96,19.25
"1056",2011-03-04,7178.9,19.38
"1057",2011-03-07,7161.93,20.3
"1058",2011-03-08,7164.75,20.04
"1059",2011-03-09,7131.8,20.2
"1060",2011-03-10,7063.09,20.54
"1061",2011-03-11,6981.49,20.63
"1062",2011-03-14,6866.63,21.73
"1063",2011-03-15,6647.66,23.59
"1064",2011-03-16,6513.84,25.74
"1065",2011-03-17,6656.88,23.95
"1066",2011-03-18,6664.4,23.38
"1067",2011-03-21,6816.12,23.13
"1068",2011-03-22,6780.97,22.43
"1069",2011-03-23,6804.45,21.97
"1070",2011-03-24,6933.58,20.74
"1071",2011-03-25,6946.36,20.59
"1072",2011-03-28,6938.63,20.94
"1073",2011-03-29,6934.44,21.57
"1074",2011-03-30,7057.15,20.78
"1075",2011-03-31,7041.31,20.67
"1076",2011-04-01,7179.81,19.78
"1077",2011-04-04,7175.33,19.75
"1078",2011-04-05,7175.31,20.07
"1079",2011-04-06,7215.11,19.87
"1080",2011-04-07,7178.78,20.25
"1081",2011-04-08,7217.02,19.95
"1082",2011-04-11,7204.86,19.76
"1083",2011-04-12,7102.91,21.17
"1084",2011-04-13,7177.97,20.62
"1085",2011-04-14,7146.56,20.96
"1086",2011-04-15,7178.29,19.96
"1087",2011-04-19,7039.31,19.66
"1088",2011-04-20,7249.19,18.8
"1089",2011-04-21,7295.49,18.26
"1090",2011-04-26,7356.51,17.97
"1091",2011-04-27,7404.95,17.83
"1092",2011-04-28,7475.22,17.62
"1093",2011-04-29,7514.46,17.24
"1094",2011-05-02,7527.64,17.58
"1095",2011-05-03,7500.7,18.2
"1096",2011-05-04,7373.93,20.03
"1097",2011-05-05,7376.96,20.33
"1098",2011-05-06,7492.25,19.15
"1099",2011-05-09,7410.52,20.1
"1100",2011-05-10,7501.52,19.8
"1101",2011-05-11,7495.05,19.66
"1102",2011-05-12,7443.95,20.67
"1103",2011-05-13,7403.31,20.88
"1104",2011-05-16,7387.54,21.43
"1105",2011-05-17,7256.65,22.2
"1106",2011-05-18,7303.53,21.58
"1107",2011-05-19,7358.23,20.96
"1108",2011-05-20,7266.82,21.6
"1109",2011-05-24,7150.66,20.99
"1110",2011-05-25,7170.94,20.76
"1111",2011-05-26,7114.09,20.68
"1112",2011-05-27,7163.47,20.14
"1113",2011-05-30,7160.3,20.01
"1114",2011-05-31,7293.69,19.02
"1115",2011-06-01,7217.43,19.14
"1116",2011-06-02,7074.12,20.12
"1117",2011-06-03,7109.03,19.81
"1118",2011-06-06,7084.57,20.21
"1119",2011-06-07,7103.25,19.91
"1120",2011-06-08,7060.23,20.09
"1121",2011-06-09,7159.66,19.2
"1122",2011-06-10,7069.9,19.77
"1123",2011-06-13,7085.14,19.85
"1124",2011-06-14,7204.79,19.17
"1125",2011-06-15,7115.08,20.23
"1126",2011-06-16,7110.2,20.85
"1127",2011-06-17,7164.05,21.24
"1128",2011-06-20,7150.21,23.14
"1129",2011-06-21,7285.51,22.36
"1130",2011-06-22,7278.19,21.69
"1131",2011-06-23,7149.44,23.21
"1132",2011-06-24,7121.38,23.74
"1133",2011-06-27,7107.9,24.26
"1134",2011-06-28,7170.43,23.55
"1135",2011-06-29,7294.14,21.65
"1136",2011-06-30,7376.24,19.81
"1137",2011-07-01,7419.44,18.67
"1138",2011-07-04,7442.96,18.14
"1139",2011-07-05,7439.44,18.41
"1140",2011-07-06,7431.19,18.68
"1141",2011-07-07,7471.44,18.41
"1142",2011-07-08,7402.73,19.41
"1143",2011-07-11,7230.25,21.35
"1144",2011-07-12,7174.14,22.61
"1145",2011-07-13,7267.87,21.45
"1146",2011-07-14,7214.74,22.22
"1147",2011-07-15,7220.12,22.72
"1148",2011-07-19,7192.67,21.27
"1149",2011-07-20,7221.36,21.37
"1150",2011-07-21,7290.14,20.49
"1151",2011-07-22,7326.39,19.31
"1152",2011-07-25,7344.54,19.46
"1153",2011-07-26,7349.45,19.48
"1154",2011-07-27,7252.68,20.37
"1155",2011-07-28,7190.06,20.74
"1156",2011-07-29,7158.77,20.92
"1157",2011-08-01,6953.98,21.83
"1158",2011-08-02,6796.75,22.76
"1159",2011-08-03,6640.59,22.84
"1160",2011-08-04,6414.76,24.9
"1161",2011-08-05,6236.16,29.25
"1162",2011-08-08,5923.27,32.39
"1163",2011-08-09,5917.08,38.59
"1164",2011-08-10,5613.42,39.95
"1165",2011-08-11,5797.66,39.7
"1166",2011-08-12,5997.74,37.71
"1167",2011-08-15,6022.24,35.42
"1168",2011-08-16,5994.9,34.53
"1169",2011-08-17,5948.94,32.22
"1170",2011-08-18,5602.8,39.25
"1171",2011-08-19,5480,39.85
"1172",2011-08-23,5532.38,35.93
"1173",2011-08-24,5681.08,35.32
"1174",2011-08-25,5584.14,35.88
"1175",2011-08-26,5537.48,36.39
"1176",2011-08-29,5670.07,35.34
"1177",2011-08-30,5643.92,33.88
"1178",2011-08-31,5784.85,32.1
"1179",2011-09-01,5730.63,33.07
"1180",2011-09-02,5538.33,34.51
"1181",2011-09-05,5246.18,37.88
"1182",2011-09-06,5193.97,38.38
"1183",2011-09-07,5405.53,38.05
"1184",2011-09-08,5408.46,37.57
"1185",2011-09-09,5189.93,39.82
"1186",2011-09-12,5072.33,42.91
"1187",2011-09-13,5166.36,42.65
"1188",2011-09-14,5340.19,42.33
"1189",2011-09-15,5508.24,40.51
"1190",2011-09-16,5573.51,40.34
"1191",2011-09-19,5415.91,43.43
"1192",2011-09-20,5571.68,42.05
"1193",2011-09-21,5433.8,43.46
"1194",2011-09-22,5164.21,47.23
"1195",2011-09-23,5196.56,47.78
"1196",2011-09-26,5345.56,47.33
"1197",2011-09-27,5628.44,44.1
"1198",2011-09-28,5578.42,44.52
"1199",2011-09-29,5639.58,44.04
"1200",2011-09-30,5502.02,46
"1201",2011-10-03,5376.7,47.2
"1202",2011-10-04,5216.71,49.19
"1203",2011-10-05,5473.03,45.42
"1204",2011-10-06,5645.25,43.63
"1205",2011-10-07,5675.7,42.24
"1206",2011-10-10,5847.29,40.07
"1207",2011-10-11,5865.01,38.98
"1208",2011-10-12,5994.47,37.36
"1209",2011-10-13,5914.84,38.79
"1210",2011-10-14,5967.2,36.66
"1211",2011-10-17,5859.43,37.48
"1212",2011-10-18,5877.41,38.37
"1213",2011-10-19,5913.53,38.86
"1214",2011-10-20,5766.48,41.21
"1215",2011-10-21,5970.96,39.37
"1216",2011-10-25,6046.75,31.86
"1217",2011-10-26,6016.07,31.67
"1218",2011-10-27,6337.84,28.4
"1219",2011-10-28,6346.19,28.52
"1220",2011-10-31,6141.34,30.67
"1221",2011-11-01,5834.51,34.49
"1222",2011-11-02,5965.63,34.07
"1223",2011-11-03,6133.18,34.44
"1224",2011-11-04,5966.16,34.58
"1225",2011-11-07,5928.68,35.48
"1226",2011-11-08,5961.44,34.44
"1227",2011-11-09,5829.54,35.39
"1228",2011-11-10,5867.81,37.23
"1229",2011-11-11,6057.03,34.98
"1230",2011-11-14,5985.02,35.34
"1231",2011-11-15,5933.14,35.21
"1232",2011-11-16,5913.36,34.61
"1233",2011-11-17,5850.17,35.22
"1234",2011-11-18,5800.24,35.18
"1235",2011-11-22,5537.39,34.12
"1236",2011-11-23,5457.77,36.89
"1237",2011-11-24,5428.11,37.29
"1238",2011-11-25,5492.87,37.38
"1239",2011-11-28,5745.33,36.38
"1240",2011-11-29,5799.91,35.52
"1241",2011-11-30,6088.84,33.55
"1242",2011-12-01,6035.88,33.56
"1243",2011-12-02,6080.68,33.33
"1244",2011-12-05,6106.09,33.18
"1245",2011-12-06,6028.82,33.71
"1246",2011-12-07,5994.73,34.09
"1247",2011-12-08,5874.44,35.5
"1248",2011-12-09,5986.71,33.94
"1249",2011-12-12,5785.43,34.56
"1250",2011-12-13,5774.26,33.76
"1251",2011-12-14,5675.14,33.75
"1252",2011-12-15,5730.62,32.47
"1253",2011-12-16,5701.78,31.43
"1254",2011-12-19,5670.71,33.45
"1255",2011-12-20,5847.03,31.82
"1256",2011-12-21,5791.53,31.41
"1257",2011-12-22,5852.18,30.47
"1258",2011-12-23,5878.93,30.19
"1259",2011-12-27,5889.76,30.09
"1260",2011-12-28,5771.27,31.13
"1261",2011-12-29,5848.78,31.87
"1262",2011-12-30,5898.35,31.73
"1263",2012-01-02,6075.52,30.58
"1264",2012-01-03,6166.57,29.36
"1265",2012-01-04,6111.55,29.71
"1266",2012-01-05,6095.99,29.99
"1267",2012-01-06,6057.92,29.82
"1268",2012-01-09,6017.23,29.98
"1269",2012-01-10,6162.98,28.67
"1270",2012-01-11,6152.34,28.71
"1271",2012-01-12,6179.21,28.36
"1272",2012-01-13,6143.08,28.48
"1273",2012-01-16,6220.01,27.73
"1274",2012-01-17,6332.93,27.05
"1275",2012-01-18,6354.57,27.03
"1276",2012-01-19,6416.26,26.84
"1277",2012-01-20,6404.39,25.86
"1278",2012-01-24,6419.22,24.2
"1279",2012-01-25,6421.85,23.99
"1280",2012-01-26,6539.85,23.27
"1281",2012-01-27,6511.98,23.34
"1282",2012-01-30,6444.45,25.38
"1283",2012-01-31,6458.91,25.48
"1284",2012-02-01,6616.64,24.86
"1285",2012-02-02,6655.63,24.38
"1286",2012-02-03,6766.67,23.64
"1287",2012-02-06,6764.83,23.73
"1288",2012-02-07,6754.2,23.97
"1289",2012-02-08,6748.76,24.29
"1290",2012-02-09,6788.8,24.27
"1291",2012-02-10,6692.96,25.92
"1292",2012-02-13,6738.47,25.99
"1293",2012-02-14,6728.19,25.59
"1294",2012-02-15,6757.94,25.72
"1295",2012-02-16,6751.96,26.35
"1296",2012-02-17,6848.03,25.18
"1297",2012-02-21,6908.18,23.3
"1298",2012-02-22,6843.87,24.61
"1299",2012-02-23,6809.46,24.52
"1300",2012-02-24,6864.43,23.97
"1301",2012-02-27,6849.6,24.34
"1302",2012-02-28,6887.63,24.02
"1303",2012-02-29,6856.08,23.94
"1304",2012-03-01,6941.77,24.06
"1305",2012-03-02,6921.37,23.4
"1306",2012-03-05,6866.46,24.08
"1307",2012-03-06,6633.11,26.78
"1308",2012-03-07,6671.11,27.79
"1309",2012-03-08,6834.54,25.62
"1310",2012-03-09,6880.21,23.61
"1311",2012-03-12,6901.35,23.62
"1312",2012-03-13,6995.91,22.28
"1313",2012-03-14,7079.42,21.7
"1314",2012-03-15,7144.45,21.36
"1315",2012-03-16,7157.82,20.91
"1316",2012-03-19,7154.22,22.16
"1317",2012-03-20,7054.94,22.89
"1318",2012-03-21,7071.32,22.42
"1319",2012-03-22,6981.26,22.98
"1320",2012-03-23,6995.62,22.4
"1321",2012-03-26,7079.23,21.53
"1322",2012-03-27,7078.9,21.32
"1323",2012-03-28,6998.8,21.78
"1324",2012-03-29,6875.15,23.23
"1325",2012-03-30,6946.83,22.28
"1326",2012-04-02,7056.65,21.46
"1327",2012-04-03,6982.28,21.69
"1328",2012-04-04,6784.06,24.45
"1329",2012-04-05,6775.26,24.5
"1330",2012-04-10,6606.43,27.26
"1331",2012-04-11,6674.73,27.07
"1332",2012-04-12,6743.24,26.02
"1333",2012-04-13,6583.9,26.99
"1334",2012-04-16,6625.19,27.12
"1335",2012-04-17,6801,25.53
"1336",2012-04-18,6732.03,25.83
"1337",2012-04-19,6671.22,26.03
"1338",2012-04-20,6750.12,24.75
"1339",2012-04-24,6590.41,24.9
"1340",2012-04-25,6704.5,25.17
"1341",2012-04-26,6739.9,24.57
"1342",2012-04-27,6801.32,24.4
"1343",2012-04-30,6761.19,24.37
"1344",2012-05-02,6710.77,25.05
"1345",2012-05-03,6694.44,25.18
"1346",2012-05-04,6561.47,25.88
"1347",2012-05-07,6569.48,26.41
"1348",2012-05-08,6444.74,27.29
"1349",2012-05-09,6475.31,27.69
"1350",2012-05-10,6518,27.11
"1351",2012-05-11,6579.93,26.21
"1352",2012-05-14,6451.97,27.63
"1353",2012-05-15,6401.06,28.34
"1354",2012-05-16,6384.26,28.85
"1355",2012-05-17,6308.96,29.75
"1356",2012-05-18,6271.22,29.94
"1357",2012-05-22,6435.6,26.81
"1358",2012-05-23,6285.75,28.6
"1359",2012-05-24,6315.89,29.2
"1360",2012-05-25,6339.94,28.8
"1361",2012-05-28,6323.19,28.97
"1362",2012-05-29,6396.84,28.78
"1363",2012-05-30,6280.8,29.71
"1364",2012-05-31,6264.38,30.66
"1365",2012-06-01,6050.29,31.83
"1366",2012-06-04,5978.23,32.58
"1367",2012-06-05,5969.4,31.48
"1368",2012-06-06,6093.99,29.43
"1369",2012-06-07,6144.22,29.04
"1370",2012-06-08,6130.82,28.77
"1371",2012-06-11,6141.05,29.25
"1372",2012-06-12,6161.24,29.68
"1373",2012-06-13,6152.49,30.53
"1374",2012-06-14,6138.61,30.36
"1375",2012-06-15,6229.41,30.64
"1376",2012-06-18,6248.2,29.25
"1377",2012-06-19,6363.36,26.65
"1378",2012-06-20,6392.13,26.36
"1379",2012-06-21,6343.13,26.28
"1380",2012-06-22,6263.25,26.84
"1381",2012-06-25,6132.39,27.97
"1382",2012-06-26,6136.69,27.9
"1383",2012-06-27,6228.99,27
"1384",2012-06-28,6149.91,27.11
"1385",2012-06-29,6416.28,24.88
"1386",2012-07-02,6496.08,23.63
"1387",2012-07-03,6578.21,22.49
"1388",2012-07-04,6564.8,23.13
"1389",2012-07-05,6535.56,23.48
"1390",2012-07-06,6410.11,24.61
"1391",2012-07-09,6387.57,25.1
"1392",2012-07-10,6438.33,24.3
"1393",2012-07-11,6453.85,23.78
"1394",2012-07-12,6419.35,23.91
"1395",2012-07-13,6557.1,22.9
"1396",2012-07-16,6565.72,22.41
"1397",2012-07-17,6577.64,22.17
"1398",2012-07-18,6684.42,21.13
"1399",2012-07-19,6758.39,20.93
"1400",2012-07-20,6630.02,23.02
"1401",2012-07-24,6390.41,24.6
"1402",2012-07-25,6406.52,27.34
"1403",2012-07-26,6582.96,26.83
"1404",2012-07-27,6689.4,25.6
"1405",2012-07-30,6774.06,24.99
"1406",2012-07-31,6772.26,24.63
"1407",2012-08-01,6754.46,25.1
"1408",2012-08-02,6606.09,24.66
"1409",2012-08-03,6865.66,23.59
"1410",2012-08-06,6918.72,22.79
"1411",2012-08-07,6967.95,22.07
"1412",2012-08-08,6966.15,22.03
"1413",2012-08-09,6964.99,22.08
"1414",2012-08-10,6944.56,21.84
"1415",2012-08-13,6909.68,22.4
"1416",2012-08-14,6974.39,22.25
"1417",2012-08-15,6946.8,22.43
"1418",2012-08-16,6996.29,22.26
"1419",2012-08-17,7040.88,21.53
"1420",2012-08-21,7089.32,21.6
"1421",2012-08-22,7017.75,22.53
"1422",2012-08-23,6949.57,22.6
"1423",2012-08-24,6971.07,22.87
"1424",2012-08-27,7047.45,22.73
"1425",2012-08-28,7002.68,22.77
"1426",2012-08-29,7010.57,23.08
"1427",2012-08-30,6895.49,23.64
"1428",2012-08-31,6970.79,23.28
"1429",2012-09-03,7014.83,23.25
"1430",2012-09-04,6932.58,23.54
"1431",2012-09-05,6964.69,23.36
"1432",2012-09-06,7167.33,22.57
"1433",2012-09-07,7214.5,21.57
"1434",2012-09-10,7213.7,21.81
"1435",2012-09-11,7310.11,21.86
"1436",2012-09-12,7343.53,21.58
"1437",2012-09-13,7310.32,21.66
"1438",2012-09-14,7412.13,20.64
"1439",2012-09-17,7403.69,20.47
"1440",2012-09-18,7347.69,20.55
"1441",2012-09-19,7390.76,19.94
"1442",2012-09-20,7389.49,19.72
"1443",2012-09-21,7451.62,19.31
"1444",2012-09-24,7413.16,20.43
"1445",2012-09-25,7425.11,20.28
"1446",2012-09-26,7276.51,21.34
"1447",2012-09-27,7290.02,21.39
"1448",2012-09-28,7216.15,21.73
"1449",2012-10-01,7326.73,20.92
"1450",2012-10-02,7305.86,20.73
"1451",2012-10-03,7322.08,20.17
"1452",2012-10-04,7305.21,20.22
"1453",2012-10-05,7397.87,19.18
"1454",2012-10-08,7291.21,19.84
"1455",2012-10-09,7234.53,20.36
"1456",2012-10-10,7205.23,20.31
"1457",2012-10-11,7281.7,19.48
"1458",2012-10-12,7232.49,19.51
"1459",2012-10-15,7261.25,19.59
"1460",2012-10-16,7376.27,18.87
"1461",2012-10-17,7394.55,18.55
"1462",2012-10-18,7437.23,18.01
"1463",2012-10-19,7380.64,18.61
"1464",2012-10-23,7173.69,18.35
"1465",2012-10-24,7192.85,18.48
"1466",2012-10-25,7200.23,19.17
"1467",2012-10-26,7231.85,19.08
"1468",2012-10-29,7203.16,19.36
"1469",2012-10-30,7284.4,18.86
"1470",2012-10-31,7260.63,18.5
"1471",2012-11-01,7335.67,18.19
"1472",2012-11-02,7363.85,17.49
"1473",2012-11-05,7326.47,17.93
"1474",2012-11-06,7377.76,17.76
"1475",2012-11-07,7232.83,18.3
"1476",2012-11-08,7204.96,18.84
"1477",2012-11-09,7163.5,19.72
"1478",2012-11-12,7168.76,19.82
"1479",2012-11-13,7169.12,19.5
"1480",2012-11-14,7101.92,19.18
"1481",2012-11-15,7043.42,19.56
"1482",2012-11-16,6950.53,19.96
"1483",2012-11-20,7172.99,18.04
"1484",2012-11-21,7184.71,17.61
"1485",2012-11-22,7244.99,17.34
"1486",2012-11-23,7309.13,17.2
"1487",2012-11-26,7292.03,17.35
"1488",2012-11-27,7332.33,17.11
"1489",2012-11-28,7343.41,17.02
"1490",2012-11-29,7400.96,16.56
"1491",2012-11-30,7405.5,16.55
"1492",2012-12-03,7435.21,16.7
"1493",2012-12-04,7435.12,16.83
"1494",2012-12-05,7454.55,16.79
"1495",2012-12-06,7534.54,16.53
"1496",2012-12-07,7517.8,16.81
"1497",2012-12-10,7530.92,16.96
"1498",2012-12-11,7589.75,16.63
"1499",2012-12-12,7614.79,16.51
"1500",2012-12-13,7581.98,16.89
"1501",2012-12-14,7596.47,16.97
"1502",2012-12-17,7604.94,16.97
"1503",2012-12-18,7653.58,16.41
"1504",2012-12-19,7668.5,16.23
"1505",2012-12-20,7672.1,16.23
"1506",2012-12-21,7636.23,16.79
"1507",2012-12-27,7655.88,18.97
"1508",2012-12-28,7612.39,19.35
